-- Migration 020: Seed data for poqpoq Events
-- Inserts organizer users, venues, and sample events
-- All IDs are deterministic UUIDs derived from the fake data IDs

BEGIN;

-- ── Helper: generate deterministic UUIDs from seed strings ──
-- We use uuid_generate_v5 with the DNS namespace for reproducible IDs
CREATE EXTENSION IF NOT EXISTS "uuid-ossp";

-- ── Organizer Users ─────────────────────────────────────────
-- Insert into the shared users table (ON CONFLICT skip if already exists)
INSERT INTO users (id, username, metadata) VALUES
  ('00000000-0000-4000-a001-000000000001', 'DJ Luna',           '{"bio": "Resident DJ and music curator for poqpoq nightlife. Spinning tracks since day one.", "avatar_url": ""}'),
  ('00000000-0000-4000-a001-000000000002', 'Aria Vex',          '{"bio": "Digital artist and gallery curator. Building beautiful spaces in the metaverse.", "avatar_url": ""}'),
  ('00000000-0000-4000-a001-000000000003', 'Professor Quill',   '{"bio": "Educator and workshop host. Teaching scripting, building, and world design.", "avatar_url": ""}'),
  ('00000000-0000-4000-a001-000000000004', 'Raven Nightshade',  '{"bio": "Master storyteller and roleplay event coordinator. Weaving tales since the early grid days.", "avatar_url": ""}'),
  ('00000000-0000-4000-a001-000000000005', 'Kai Storm',         '{"bio": "Quest designer and game master. Creator of the Akashic Trials series.", "avatar_url": ""}'),
  ('00000000-0000-4000-a001-000000000006', 'Solace',            '{"bio": "Community leader and governance advocate. Keeping poqpoq''s community strong.", "avatar_url": ""}'),
  ('00000000-0000-4000-a001-000000000007', 'Zephyr Blaze',      '{"bio": "Competition organizer and build contest judge. If it can be built, it can be judged.", "avatar_url": ""}'),
  ('00000000-0000-4000-a001-000000000008', 'Mystic Ember',      '{"bio": "Ceremony host and ritual guide. Connecting the digital and spiritual.", "avatar_url": ""}'),
  ('00000000-0000-4000-a001-000000000009', 'Nyx Merchant',      '{"bio": "Marketplace mogul and auction house operator. Commerce is an art form.", "avatar_url": ""}'),
  ('00000000-0000-4000-a001-000000000010', 'Atlas Wanderer',    '{"bio": "Explorer and tour guide. Discovering hidden gems across the metaverse.", "avatar_url": ""}'),
  ('00000000-0000-4000-a001-000000000011', 'Pixel Dream',       '{"bio": "Performance artist and theater director. Every stage is a canvas.", "avatar_url": ""}'),
  ('00000000-0000-4000-a001-000000000012', 'Nova Flux',         '{"bio": "Special events coordinator. Holidays, milestones, and spectacles.", "avatar_url": ""}')
ON CONFLICT (id) DO NOTHING;

-- ── Venues ──────────────────────────────────────────────────
INSERT INTO venues (id, owner_id, name, description, cover_image_url, gallery_urls, location, capacity, rating, review_count, tags, category, featured, amenities, upcoming_event_count, past_event_count) VALUES
  ('00000000-0000-4000-b001-000000000001', '00000000-0000-4000-a001-000000000001', 'The Blue Note',
   'Premier jazz club and live music venue. Intimate setting with world-class sound.',
   '/events/listings/98756669.png', '{}',
   '{"regionName": "Crescendo Isle", "coordinates": {"x": 128, "y": 64, "z": 22}, "teleportUrl": "poqpoq://crescendo-isle/128/64/22"}',
   60, 4.8, 134, ARRAY['live-music', 'nightlife', 'intimate'], 'club', TRUE, ARRAY['voice', 'stream', 'dance-floor'], 8, 52),

  ('00000000-0000-4000-b001-000000000002', '00000000-0000-4000-a001-000000000002', 'Prismatic Gallery',
   'A curated digital art space showcasing rotating exhibitions from metaverse artists.',
   '/events/listings/9b8f91cf.png', '{}',
   '{"regionName": "Artisan Quarter", "coordinates": {"x": 200, "y": 180, "z": 25}, "teleportUrl": "poqpoq://artisan-quarter/200/180/25"}',
   40, 4.7, 89, ARRAY['art', 'exhibitions', 'photography'], 'gallery', TRUE, ARRAY['voice', 'stream'], 5, 31),

  ('00000000-0000-4000-b001-000000000003', '00000000-0000-4000-a001-000000000003', 'The Academy',
   'Educational hub with lecture halls, workshop spaces, and sandbox building areas.',
   '/events/listings/a3143652.png', '{}',
   '{"regionName": "Scholar''s Rest", "coordinates": {"x": 100, "y": 100, "z": 30}, "teleportUrl": "poqpoq://scholars-rest/100/100/30"}',
   80, 4.9, 201, ARRAY['education', 'workshops', 'scripting'], 'classroom', FALSE, ARRAY['voice', 'stream', 'sandbox'], 12, 88),

  ('00000000-0000-4000-b001-000000000004', '00000000-0000-4000-a001-000000000004', 'Shadowmere Tavern',
   'Medieval fantasy tavern. The perfect backdrop for roleplay gatherings and storytelling.',
   '/events/listings/a574074b.png', '{}',
   '{"regionName": "Darkhollow", "coordinates": {"x": 64, "y": 192, "z": 18}, "teleportUrl": "poqpoq://darkhollow/64/192/18"}',
   35, 4.6, 67, ARRAY['roleplay', 'fantasy', 'medieval'], 'theater', FALSE, ARRAY['voice'], 4, 29),

  ('00000000-0000-4000-b001-000000000005', '00000000-0000-4000-a001-000000000005', 'Nexus Arena',
   'Massive competition arena with spectator seating and live scoreboard displays.',
   '/events/listings/ac83b18c.png', '{}',
   '{"regionName": "Valor Fields", "coordinates": {"x": 128, "y": 128, "z": 20}, "teleportUrl": "poqpoq://valor-fields/128/128/20"}',
   200, 4.5, 156, ARRAY['competition', 'gaming', 'spectator'], 'arena', TRUE, ARRAY['voice', 'stream', 'scoreboard', 'spectator-seating'], 6, 20),

  ('00000000-0000-4000-b001-000000000006', '00000000-0000-4000-a001-000000000006', 'Town Square',
   'Central community gathering space. Open-air plaza with amphitheater seating.',
   '/events/listings/b9b850ee.png', '{}',
   '{"regionName": "Hearthstone", "coordinates": {"x": 128, "y": 128, "z": 22}, "teleportUrl": "poqpoq://hearthstone/128/128/22"}',
   150, 4.8, 312, ARRAY['community', 'governance', 'public'], 'plaza', FALSE, ARRAY['voice', 'stream', 'amphitheater'], 10, 94),

  ('00000000-0000-4000-b001-000000000007', '00000000-0000-4000-a001-000000000001', 'Sunset Beach',
   'Tropical beach with bonfire pit, tiki bar, and dance platform over the waves.',
   '/events/listings/bb5749e0.png', '{}',
   '{"regionName": "Palm Shores", "coordinates": {"x": 200, "y": 50, "z": 21}, "teleportUrl": "poqpoq://palm-shores/200/50/21"}',
   100, 4.4, 78, ARRAY['beach', 'party', 'social'], 'beach', FALSE, ARRAY['voice', 'stream', 'dance-floor', 'bonfire'], 3, 18),

  ('00000000-0000-4000-b001-000000000008', '00000000-0000-4000-a001-000000000008', 'Cloud Nine Skybox',
   'Floating skybox lounge above the clouds. Intimate and exclusive.',
   '/events/listings/bb74e8f6.png', '{}',
   '{"regionName": "Aether Heights", "coordinates": {"x": 128, "y": 128, "z": 500}, "teleportUrl": "poqpoq://aether-heights/128/128/500"}',
   20, 4.9, 45, ARRAY['exclusive', 'skybox', 'intimate'], 'skybox', FALSE, ARRAY['voice'], 2, 15),

  ('00000000-0000-4000-b001-000000000009', '00000000-0000-4000-a001-000000000009', 'Grand Bazaar',
   'Sprawling marketplace with vendor stalls, auction stage, and showcase halls.',
   '/events/listings/c132c973.png', '{}',
   '{"regionName": "Trade Winds", "coordinates": {"x": 150, "y": 100, "z": 22}, "teleportUrl": "poqpoq://trade-winds/150/100/22"}',
   120, 4.3, 98, ARRAY['commerce', 'marketplace', 'auctions'], 'plaza', FALSE, ARRAY['voice', 'stream', 'vendor-stalls'], 5, 22),

  ('00000000-0000-4000-b001-000000000010', '00000000-0000-4000-a001-000000000010', 'The Wilds',
   'Untamed wilderness zone with hidden trails, ancient ruins, and discovery zones.',
   '/events/listings/cd0d5d8b.png', '{}',
   '{"regionName": "Frontier Edge", "coordinates": {"x": 50, "y": 220, "z": 35}, "teleportUrl": "poqpoq://frontier-edge/50/220/35"}',
   50, 4.7, 56, ARRAY['exploration', 'nature', 'discovery'], 'park', FALSE, ARRAY['voice'], 3, 16),

  ('00000000-0000-4000-b001-000000000011', '00000000-0000-4000-a001-000000000011', 'Starlight Theater',
   'Open-air theater under a perpetual starfield. Perfect for performances and poetry.',
   '/events/listings/d0679070.png', '{}',
   '{"regionName": "Lumina Vale", "coordinates": {"x": 128, "y": 64, "z": 24}, "teleportUrl": "poqpoq://lumina-vale/128/64/24"}',
   75, 4.6, 42, ARRAY['theater', 'performance', 'poetry'], 'theater', FALSE, ARRAY['voice', 'stream', 'stage-lighting'], 4, 11),

  ('00000000-0000-4000-b001-000000000012', '00000000-0000-4000-a001-000000000008', 'Shrine of Echoes',
   'Sacred ceremonial space carved into a mountain. Acoustics that resonate with purpose.',
   '/events/listings/d292745c.png', '{}',
   '{"regionName": "Spirit Peak", "coordinates": {"x": 100, "y": 200, "z": 120}, "teleportUrl": "poqpoq://spirit-peak/100/200/120"}',
   30, 4.8, 38, ARRAY['ceremony', 'spiritual', 'sacred'], 'theater', FALSE, ARRAY['voice', 'echo-acoustics'], 3, 24),

  ('00000000-0000-4000-b001-000000000013', '00000000-0000-4000-a001-000000000007', 'Pixel Playground',
   'Colorful casual games arena with mini-games, obstacle courses, and photo spots.',
   '/events/listings/d61be9e3.png', '{}',
   '{"regionName": "Fun Zone", "coordinates": {"x": 180, "y": 140, "z": 22}, "teleportUrl": "poqpoq://fun-zone/180/140/22"}',
   80, 4.2, 67, ARRAY['games', 'casual', 'fun'], 'arena', FALSE, ARRAY['voice', 'scoreboard', 'mini-games'], 4, 14),

  ('00000000-0000-4000-b001-000000000014', '00000000-0000-4000-a001-000000000012', 'Festival Grounds',
   'Large outdoor festival space with multiple stages, food stalls, and camping areas.',
   '/events/listings/d6a03544.png', '{}',
   '{"regionName": "Eventide Meadow", "coordinates": {"x": 128, "y": 128, "z": 21}, "teleportUrl": "poqpoq://eventide-meadow/128/128/21"}',
   500, 4.9, 234, ARRAY['festival', 'outdoor', 'multi-stage'], 'park', TRUE, ARRAY['voice', 'stream', 'multi-stage', 'food-stalls'], 2, 8),

  ('00000000-0000-4000-b001-000000000015', '00000000-0000-4000-a001-000000000001', 'The Underground',
   'Gritty industrial club space. Raw concrete, neon lights, heavy bass.',
   '/events/listings/d8fd8df4.png', '{}',
   '{"regionName": "Neon District", "coordinates": {"x": 90, "y": 160, "z": 10}, "teleportUrl": "poqpoq://neon-district/90/160/10"}',
   45, 4.5, 89, ARRAY['nightclub', 'underground', 'electronic'], 'club', FALSE, ARRAY['voice', 'stream', 'dance-floor', 'laser-lights'], 6, 35)
ON CONFLICT (id) DO NOTHING;

-- ── Events (representative sample across all categories/statuses) ────────
-- Uses NOW() offsets like the fake data does with h() and d()
INSERT INTO events (
  id, creator_id, title, description, short_description, category, tags,
  starts_at, ends_at, timezone, duration_minutes,
  is_recurring, recurrence_rule, series_id,
  region_name, location_coords, teleport_url,
  cover_image_url, gallery_urls,
  max_attendees, entry_fee, tickets,
  maturity_rating, dress_code, status, featured,
  traffic_score, occupancy, current_visitors,
  rsvp_count, interested_count, view_count, bookmark_count,
  host_display_name, host_avatar_url, host_reputation_score, host_events_completed,
  venue_id
) VALUES

-- ── HAPPENING NOW ────────────────────────────────────────────
('00000000-0000-4000-c001-000000000001', '00000000-0000-4000-a001-000000000001',
 'Neon Nights: Live DJ Set',
 'DJ Luna drops beats at The Blue Note. Deep house, ambient electronica, and crowd favorites. Voice chat open for requests. This weekly session has become the heartbeat of Crescendo Isle nightlife — expect immersive visuals synchronized to the music and a packed dance floor.',
 'Weekly DJ set with immersive visuals at The Blue Note.',
 'music', ARRAY['dj', 'electronic', 'live-music', 'dance', 'weekly'],
 NOW() - INTERVAL '1 hour', NOW() + INTERVAL '2 hours', 'UTC', 180,
 TRUE, '{"frequency": "weekly", "interval": 1, "daysOfWeek": [5]}', 'series-dj-night',
 'Crescendo Isle', '{"x": 128, "y": 64, "z": 22}', 'poqpoq://crescendo-isle/128/64/22',
 '/events/listings/012414e7.png', '{}',
 60, 0, '[]',
 'PG', 'none', 'in_progress', TRUE,
 88, 'packed', 52,
 47, 82, 1240, 67,
 'DJ Luna', '', 92, 82,
 '00000000-0000-4000-b001-000000000001'),

('00000000-0000-4000-c001-000000000002', '00000000-0000-4000-a001-000000000001',
 'Sunset Beach Bonfire Social',
 'Kick back at the bonfire. Music, conversation, and good vibes as the sun sets over Palm Shores.',
 'Casual hangout at the beach bonfire.',
 'social', ARRAY['social', 'beach', 'bonfire', 'chill'],
 NOW() - INTERVAL '30 minutes', NOW() + INTERVAL '3 hours', 'UTC', 210,
 FALSE, NULL, NULL,
 'Palm Shores', '{"x": 200, "y": 50, "z": 21}', 'poqpoq://palm-shores/200/50/21',
 '/events/listings/04c7099b.png', '{}',
 100, 0, '[]',
 'G', 'none', 'in_progress', FALSE,
 65, 'gathering', 28,
 34, 55, 890, 23,
 'DJ Luna', '', 92, 82,
 '00000000-0000-4000-b001-000000000007'),

('00000000-0000-4000-c001-000000000003', '00000000-0000-4000-a001-000000000002',
 'Gallery Opening: "Digital Dreams"',
 'New exhibition by emerging metaverse artists. Voice-guided tour available. Interactive installations that respond to your avatar.',
 'Interactive art exhibition at Prismatic Gallery.',
 'art', ARRAY['art', 'exhibition', 'gallery', 'interactive'],
 NOW() - INTERVAL '2 hours', NOW() + INTERVAL '1 hour', 'UTC', 180,
 FALSE, NULL, NULL,
 'Artisan Quarter', '{"x": 200, "y": 180, "z": 25}', 'poqpoq://artisan-quarter/200/180/25',
 '/events/listings/076d4e89.png', '{}',
 40, 0, '[]',
 'G', 'creative', 'in_progress', TRUE,
 72, 'lively', 31,
 38, 44, 560, 41,
 'Aria Vex', '', 78, 41,
 '00000000-0000-4000-b001-000000000002'),

('00000000-0000-4000-c001-000000000004', '00000000-0000-4000-a001-000000000003',
 'Live Coding: Build a Mini-Game',
 'Professor Quill walks you through building a simple multiplayer game from scratch. Bring your scripting questions!',
 'Hands-on coding workshop at The Academy.',
 'education', ARRAY['coding', 'workshop', 'scripting', 'beginner-friendly'],
 NOW() - INTERVAL '45 minutes', NOW() + INTERVAL '75 minutes', 'UTC', 120,
 TRUE, '{"frequency": "weekly", "interval": 1, "daysOfWeek": [3]}', 'series-coding-lab',
 'Scholar''s Rest', '{"x": 100, "y": 100, "z": 30}', 'poqpoq://scholars-rest/100/100/30',
 '/events/listings/08a92b35.png', '{}',
 80, 0, '[]',
 'G', 'none', 'in_progress', FALSE,
 55, 'gathering', 22,
 28, 65, 430, 52,
 'Professor Quill', '', 95, 115,
 '00000000-0000-4000-b001-000000000003'),

('00000000-0000-4000-c001-000000000005', '00000000-0000-4000-a001-000000000004',
 'The Haunted Crypt: Chapter 7',
 'Continue the epic horror roleplay saga. New players welcome — recap provided. Costumes encouraged.',
 'Horror roleplay chapter at Shadowmere Tavern.',
 'roleplay', ARRAY['roleplay', 'horror', 'story', 'series'],
 NOW() - INTERVAL '20 minutes', NOW() + INTERVAL '100 minutes', 'UTC', 120,
 TRUE, '{"frequency": "weekly", "interval": 1, "daysOfWeek": [6]}', NULL,
 'Darkhollow', '{"x": 64, "y": 192, "z": 18}', 'poqpoq://darkhollow/64/192/18',
 '/events/listings/0f6c5d2a.png', '{}',
 35, 0, '[]',
 'R', 'roleplay', 'in_progress', FALSE,
 60, 'lively', 29,
 31, 18, 320, 15,
 'Raven Nightshade', '', 85, 58,
 '00000000-0000-4000-b001-000000000004'),

-- ── UPCOMING (next few hours to days) ────────────────────────
('00000000-0000-4000-c001-000000000006', '00000000-0000-4000-a001-000000000005',
 'Akashic Trials: Season Finale',
 'The ultimate quest challenge. Teams compete for legendary prizes across 5 stages. Registration required.',
 'Season finale quest competition at Nexus Arena.',
 'quest', ARRAY['quest', 'competition', 'team', 'prize', 'finale'],
 NOW() + INTERVAL '3 hours', NOW() + INTERVAL '6 hours', 'UTC', 180,
 FALSE, NULL, NULL,
 'Valor Fields', '{"x": 128, "y": 128, "z": 20}', 'poqpoq://valor-fields/128/128/20',
 '/events/listings/14ec9f01.png', '{}',
 200, 0, '[]',
 'G', 'themed', 'published', TRUE,
 78, NULL, 0,
 156, 210, 2800, 189,
 'Kai Storm', '', 72, 30,
 '00000000-0000-4000-b001-000000000005'),

('00000000-0000-4000-c001-000000000007', '00000000-0000-4000-a001-000000000006',
 'Community Town Hall: Q1 Review',
 'Monthly governance meeting. Vote on new region proposals, budget review, and community spotlight.',
 'Monthly community governance meeting.',
 'community', ARRAY['governance', 'voting', 'community', 'monthly'],
 NOW() + INTERVAL '5 hours', NOW() + INTERVAL '7 hours', 'UTC', 120,
 TRUE, '{"frequency": "monthly", "interval": 1}', NULL,
 'Hearthstone', '{"x": 128, "y": 128, "z": 22}', 'poqpoq://hearthstone/128/128/22',
 '/events/listings/1e338cbc.png', '{}',
 150, 0, '[]',
 'G', 'none', 'published', FALSE,
 45, NULL, 0,
 89, 120, 1560, 34,
 'Solace', '', 98, 150,
 '00000000-0000-4000-b001-000000000006'),

('00000000-0000-4000-c001-000000000008', '00000000-0000-4000-a001-000000000008',
 'Full Moon Ceremony',
 'Guided meditation and ritual under the full moon at the Shrine of Echoes. Bring an open heart.',
 'Guided meditation and ritual at the Shrine.',
 'ceremony', ARRAY['meditation', 'spiritual', 'full-moon', 'ritual'],
 NOW() + INTERVAL '8 hours', NOW() + INTERVAL '10 hours', 'UTC', 120,
 TRUE, '{"frequency": "monthly", "interval": 1}', 'series-full-moon',
 'Spirit Peak', '{"x": 100, "y": 200, "z": 120}', 'poqpoq://spirit-peak/100/200/120',
 '/events/listings/2a4b8cde.png', '{}',
 30, 0, '[]',
 'G', 'minimal', 'published', FALSE,
 42, NULL, 0,
 28, 45, 780, 56,
 'Mystic Ember', '', 88, 69,
 '00000000-0000-4000-b001-000000000012'),

('00000000-0000-4000-c001-000000000009', '00000000-0000-4000-a001-000000000009',
 'Grand Bazaar: Weekly Market Day',
 'Browse vendor stalls, bid at the auction house, and discover unique items. New merchants welcome!',
 'Weekly marketplace with auctions and vendors.',
 'commerce', ARRAY['marketplace', 'auction', 'shopping', 'vendors'],
 NOW() + INTERVAL '1 day', NOW() + INTERVAL '1 day 4 hours', 'UTC', 240,
 TRUE, '{"frequency": "weekly", "interval": 1, "daysOfWeek": [6]}', 'series-market-day',
 'Trade Winds', '{"x": 150, "y": 100, "z": 22}', 'poqpoq://trade-winds/150/100/22',
 '/events/listings/3c5d7e90.png', '{}',
 120, 0, '[]',
 'G', 'none', 'published', FALSE,
 38, NULL, 0,
 67, 95, 1200, 42,
 'Nyx Merchant', '', 70, 38,
 '00000000-0000-4000-b001-000000000009'),

('00000000-0000-4000-c001-000000000010', '00000000-0000-4000-a001-000000000010',
 'Hidden Ruins Expedition',
 'Join Atlas Wanderer on a guided tour through newly discovered ancient ruins in The Wilds.',
 'Guided expedition through ancient ruins.',
 'exploration', ARRAY['exploration', 'tour', 'ruins', 'discovery'],
 NOW() + INTERVAL '1 day 2 hours', NOW() + INTERVAL '1 day 4 hours', 'UTC', 120,
 FALSE, NULL, NULL,
 'Frontier Edge', '{"x": 50, "y": 220, "z": 35}', 'poqpoq://frontier-edge/50/220/35',
 '/events/listings/4d6e8f01.png', '{}',
 50, 0, '[]',
 'G', 'none', 'published', FALSE,
 35, NULL, 0,
 42, 68, 560, 37,
 'Atlas Wanderer', '', 82, 51,
 '00000000-0000-4000-b001-000000000010'),

('00000000-0000-4000-c001-000000000011', '00000000-0000-4000-a001-000000000011',
 'Open Mic: Poetry & Spoken Word',
 'Share your poems, stories, or music at the Starlight Theater. All skill levels welcome.',
 'Open mic night for poetry and performance.',
 'performance', ARRAY['poetry', 'spoken-word', 'open-mic', 'performance'],
 NOW() + INTERVAL '1 day 6 hours', NOW() + INTERVAL '1 day 9 hours', 'UTC', 180,
 TRUE, '{"frequency": "weekly", "interval": 1, "daysOfWeek": [4]}', 'series-open-mic',
 'Lumina Vale', '{"x": 128, "y": 64, "z": 24}', 'poqpoq://lumina-vale/128/64/24',
 '/events/listings/5e7f9012.png', '{}',
 75, 0, '[]',
 'G', 'none', 'published', FALSE,
 30, NULL, 0,
 35, 52, 420, 28,
 'Pixel Dream', '', 68, 19,
 '00000000-0000-4000-b001-000000000011'),

('00000000-0000-4000-c001-000000000012', '00000000-0000-4000-a001-000000000007',
 'Build Battle Royale',
 'Competitive building contest — 30-minute rounds, audience votes. Prizes for top 3 builders.',
 'Competitive building contest at Pixel Playground.',
 'competition', ARRAY['building', 'contest', 'competitive', 'prizes'],
 NOW() + INTERVAL '2 days', NOW() + INTERVAL '2 days 3 hours', 'UTC', 180,
 FALSE, NULL, NULL,
 'Fun Zone', '{"x": 180, "y": 140, "z": 22}', 'poqpoq://fun-zone/180/140/22',
 '/events/listings/6f809123.png', '{}',
 80, 0, '[]',
 'G', 'none', 'published', FALSE,
 48, NULL, 0,
 54, 78, 680, 34,
 'Zephyr Blaze', '', 65, 24,
 '00000000-0000-4000-b001-000000000013'),

('00000000-0000-4000-c001-000000000013', '00000000-0000-4000-a001-000000000012',
 'Metaverse Spring Festival 2026',
 'Three-day festival celebrating spring! Multiple stages, food stalls, games, art installations, and a grand fireworks finale.',
 'Annual spring festival at Festival Grounds.',
 'special', ARRAY['festival', 'spring', 'celebration', 'multi-day', 'fireworks'],
 NOW() + INTERVAL '5 days', NOW() + INTERVAL '7 days', 'UTC', 4320,
 FALSE, NULL, NULL,
 'Eventide Meadow', '{"x": 128, "y": 128, "z": 21}', 'poqpoq://eventide-meadow/128/128/21',
 '/events/listings/7091a234.png', '{}',
 500, 0, '[]',
 'G', 'none', 'published', TRUE,
 92, NULL, 0,
 312, 450, 5600, 278,
 'Nova Flux', '', 90, 16,
 '00000000-0000-4000-b001-000000000014'),

-- ── MORE UPCOMING — variety ──────────────────────────────────
('00000000-0000-4000-c001-000000000014', '00000000-0000-4000-a001-000000000001',
 'Underground Techno Night',
 'Raw industrial beats in The Underground. Heavy bass, laser lights, and zero pretension.',
 'Raw techno session at The Underground.',
 'music', ARRAY['techno', 'underground', 'industrial', 'dance'],
 NOW() + INTERVAL '1 day 10 hours', NOW() + INTERVAL '1 day 14 hours', 'UTC', 240,
 FALSE, NULL, NULL,
 'Neon District', '{"x": 90, "y": 160, "z": 10}', 'poqpoq://neon-district/90/160/10',
 '/events/listings/8192b345.png', '{}',
 45, 0, '[]',
 'R', 'none', 'published', FALSE,
 55, NULL, 0,
 38, 62, 480, 19,
 'DJ Luna', '', 92, 82,
 '00000000-0000-4000-b001-000000000015'),

('00000000-0000-4000-c001-000000000015', '00000000-0000-4000-a001-000000000002',
 'Art Walk: Artisan Quarter Tour',
 'Guided walking tour of galleries, studios, and street art across the Artisan Quarter.',
 'Guided art tour through Artisan Quarter.',
 'art', ARRAY['art-walk', 'tour', 'galleries', 'street-art'],
 NOW() + INTERVAL '2 days 4 hours', NOW() + INTERVAL '2 days 6 hours', 'UTC', 120,
 TRUE, '{"frequency": "biweekly", "interval": 2, "daysOfWeek": [0]}', 'series-art-walk',
 'Artisan Quarter', '{"x": 200, "y": 180, "z": 25}', 'poqpoq://artisan-quarter/200/180/25',
 '/events/listings/9203c456.png', '{}',
 30, 0, '[]',
 'G', 'none', 'published', FALSE,
 28, NULL, 0,
 22, 40, 350, 18,
 'Aria Vex', '', 78, 41,
 '00000000-0000-4000-b001-000000000002'),

('00000000-0000-4000-c001-000000000016', '00000000-0000-4000-a001-000000000003',
 'Advanced Scripting: AI Companions',
 'Learn to create NPC companions with basic AI behaviors. Intermediate scripting required.',
 'Advanced workshop on AI NPC companions.',
 'education', ARRAY['scripting', 'ai', 'npc', 'advanced', 'workshop'],
 NOW() + INTERVAL '3 days', NOW() + INTERVAL '3 days 2 hours', 'UTC', 120,
 FALSE, NULL, NULL,
 'Scholar''s Rest', '{"x": 100, "y": 100, "z": 30}', 'poqpoq://scholars-rest/100/100/30',
 '/events/listings/a314d567.png', '{}',
 40, 0, '[]',
 'G', 'none', 'published', FALSE,
 32, NULL, 0,
 35, 48, 520, 44,
 'Professor Quill', '', 95, 115,
 '00000000-0000-4000-b001-000000000003'),

('00000000-0000-4000-c001-000000000017', '00000000-0000-4000-a001-000000000004',
 'Dragon''s Lair: New Roleplay Campaign',
 'Brand new fantasy campaign starting tonight. Character creation session included. All experience levels.',
 'New fantasy RP campaign launch.',
 'roleplay', ARRAY['roleplay', 'fantasy', 'campaign', 'new-players'],
 NOW() + INTERVAL '3 days 5 hours', NOW() + INTERVAL '3 days 8 hours', 'UTC', 180,
 TRUE, '{"frequency": "weekly", "interval": 1, "daysOfWeek": [2]}', NULL,
 'Darkhollow', '{"x": 64, "y": 192, "z": 18}', 'poqpoq://darkhollow/64/192/18',
 '/events/listings/b425e678.png', '{}',
 25, 0, '[]',
 'PG', 'fantasy', 'published', FALSE,
 25, NULL, 0,
 18, 35, 280, 22,
 'Raven Nightshade', '', 85, 58,
 '00000000-0000-4000-b001-000000000004'),

('00000000-0000-4000-c001-000000000018', '00000000-0000-4000-a001-000000000005',
 'Trivia Tuesday: Science & Tech',
 'Test your knowledge! Teams of 2-5 compete in 5 rounds of science and technology trivia.',
 'Science and tech trivia competition.',
 'competition', ARRAY['trivia', 'science', 'teams', 'prizes'],
 NOW() + INTERVAL '4 days', NOW() + INTERVAL '4 days 2 hours', 'UTC', 120,
 TRUE, '{"frequency": "weekly", "interval": 1, "daysOfWeek": [2]}', NULL,
 'Fun Zone', '{"x": 180, "y": 140, "z": 22}', 'poqpoq://fun-zone/180/140/22',
 '/events/listings/c536f789.png', '{}',
 60, 0, '[]',
 'G', 'none', 'published', FALSE,
 22, NULL, 0,
 28, 42, 190, 12,
 'Kai Storm', '', 72, 30,
 '00000000-0000-4000-b001-000000000013'),

('00000000-0000-4000-c001-000000000019', '00000000-0000-4000-a001-000000000008',
 'Skybox Meditation: Stress Relief',
 'Guided breathing and visualization in Cloud Nine Skybox. Limited to 20 attendees for intimacy.',
 'Guided meditation in Cloud Nine Skybox.',
 'ceremony', ARRAY['meditation', 'wellness', 'relaxation', 'skybox'],
 NOW() + INTERVAL '4 days 8 hours', NOW() + INTERVAL '4 days 9 hours', 'UTC', 60,
 FALSE, NULL, NULL,
 'Aether Heights', '{"x": 128, "y": 128, "z": 500}', 'poqpoq://aether-heights/128/128/500',
 '/events/listings/d647a890.png', '{}',
 20, 0, '[]',
 'G', 'minimal', 'published', FALSE,
 18, NULL, 0,
 16, 28, 240, 32,
 'Mystic Ember', '', 88, 69,
 '00000000-0000-4000-b001-000000000008'),

('00000000-0000-4000-c001-000000000020', '00000000-0000-4000-a001-000000000006',
 'Newcomer Welcome Party',
 'Welcome new residents! Tour of key locations, meet the community, get your starter pack.',
 'Welcome event for new poqpoq residents.',
 'social', ARRAY['welcome', 'newcomer', 'tour', 'community'],
 NOW() + INTERVAL '6 hours', NOW() + INTERVAL '9 hours', 'UTC', 180,
 TRUE, '{"frequency": "weekly", "interval": 1, "daysOfWeek": [0]}', NULL,
 'Hearthstone', '{"x": 128, "y": 128, "z": 22}', 'poqpoq://hearthstone/128/128/22',
 '/events/listings/e758b901.png', '{}',
 100, 0, '[]',
 'G', 'none', 'published', TRUE,
 50, NULL, 0,
 45, 78, 1800, 15,
 'Solace', '', 98, 150,
 '00000000-0000-4000-b001-000000000006'),

-- ── COMPLETED (past events with ratings) ─────────────────────
('00000000-0000-4000-c001-000000000021', '00000000-0000-4000-a001-000000000001',
 'Neon Nights: Live DJ Set (Last Week)',
 'Last week''s installment of the legendary DJ night. Packed house as usual.',
 'Last week''s DJ set at The Blue Note.',
 'music', ARRAY['dj', 'electronic', 'live-music', 'dance', 'weekly'],
 NOW() - INTERVAL '7 days 1 hour', NOW() - INTERVAL '7 days' + INTERVAL '2 hours', 'UTC', 180,
 TRUE, '{"frequency": "weekly", "interval": 1, "daysOfWeek": [5]}', 'series-dj-night',
 'Crescendo Isle', '{"x": 128, "y": 64, "z": 22}', 'poqpoq://crescendo-isle/128/64/22',
 '/events/listings/012414e7.png', '{}',
 60, 0, '[]',
 'PG', 'none', 'completed', FALSE,
 85, NULL, 0,
 58, 90, 1400, 72,
 'DJ Luna', '', 92, 82,
 '00000000-0000-4000-b001-000000000001'),

('00000000-0000-4000-c001-000000000022', '00000000-0000-4000-a001-000000000003',
 'Intro to World Building',
 'Beginner workshop on terrain, textures, and basic object placement. Hands-on sandbox time included.',
 'Beginner world building workshop.',
 'education', ARRAY['building', 'beginner', 'terrain', 'workshop'],
 NOW() - INTERVAL '3 days', NOW() - INTERVAL '3 days' + INTERVAL '2 hours', 'UTC', 120,
 FALSE, NULL, NULL,
 'Scholar''s Rest', '{"x": 100, "y": 100, "z": 30}', 'poqpoq://scholars-rest/100/100/30',
 '/events/listings/a3143652.png', '{}',
 80, 0, '[]',
 'G', 'none', 'completed', FALSE,
 52, NULL, 0,
 72, 95, 980, 45,
 'Professor Quill', '', 95, 115,
 '00000000-0000-4000-b001-000000000003'),

('00000000-0000-4000-c001-000000000023', '00000000-0000-4000-a001-000000000012',
 'Valentine''s Day Gala',
 'Elegant celebration with live music, dancing, and a couples costume contest. Formal attire encouraged.',
 'Formal Valentine''s celebration.',
 'special', ARRAY['valentine', 'formal', 'dance', 'couples'],
 NOW() - INTERVAL '14 days', NOW() - INTERVAL '14 days' + INTERVAL '4 hours', 'UTC', 240,
 FALSE, NULL, NULL,
 'Eventide Meadow', '{"x": 128, "y": 128, "z": 21}', 'poqpoq://eventide-meadow/128/128/21',
 '/events/listings/7091a234.png', '{}',
 300, 0, '[]',
 'PG', 'formal', 'completed', FALSE,
 95, NULL, 0,
 245, 380, 4200, 156,
 'Nova Flux', '', 90, 16,
 '00000000-0000-4000-b001-000000000014'),

-- ── CANCELLED ────────────────────────────────────────────────
('00000000-0000-4000-c001-000000000024', '00000000-0000-4000-a001-000000000007',
 'Speed Build Championship (Postponed)',
 'Originally scheduled competitive speed building event. Postponed due to server maintenance.',
 'Postponed speed building competition.',
 'competition', ARRAY['speed-build', 'competition', 'postponed'],
 NOW() + INTERVAL '1 day', NOW() + INTERVAL '1 day 3 hours', 'UTC', 180,
 FALSE, NULL, NULL,
 'Fun Zone', '{"x": 180, "y": 140, "z": 22}', 'poqpoq://fun-zone/180/140/22',
 '/events/listings/6f809123.png', '{}',
 80, 0, '[]',
 'G', 'none', 'cancelled', FALSE,
 0, NULL, 0,
 42, 55, 380, 20,
 'Zephyr Blaze', '', 65, 24,
 '00000000-0000-4000-b001-000000000013'),

-- ── PAID EVENT ───────────────────────────────────────────────
('00000000-0000-4000-c001-000000000025', '00000000-0000-4000-a001-000000000001',
 'VIP Lounge: Exclusive DJ Set',
 'Intimate VIP session with DJ Luna. Premium sound, exclusive playlist, and meet & greet.',
 'VIP DJ session at Cloud Nine Skybox.',
 'music', ARRAY['vip', 'exclusive', 'dj', 'premium'],
 NOW() + INTERVAL '5 days 10 hours', NOW() + INTERVAL '5 days 13 hours', 'UTC', 180,
 FALSE, NULL, NULL,
 'Aether Heights', '{"x": 128, "y": 128, "z": 500}', 'poqpoq://aether-heights/128/128/500',
 '/events/listings/bb74e8f6.png', '{}',
 20, 50, '[{"id": "tkt-vip", "name": "VIP Pass", "price": 50, "currency": "POQ", "available": 8, "total": 20}]',
 'R', 'formal', 'published', FALSE,
 40, NULL, 0,
 12, 35, 680, 28,
 'DJ Luna', '', 92, 82,
 '00000000-0000-4000-b001-000000000008')

ON CONFLICT (id) DO NOTHING;

-- ── Sample RSVPs for happening-now events ────────────────────
-- (A few RSVPs to demonstrate the system)
INSERT INTO event_rsvps (event_id, user_id, rsvp_status) VALUES
  ('00000000-0000-4000-c001-000000000001', '00000000-0000-4000-a001-000000000002', 'going'),
  ('00000000-0000-4000-c001-000000000001', '00000000-0000-4000-a001-000000000003', 'going'),
  ('00000000-0000-4000-c001-000000000001', '00000000-0000-4000-a001-000000000010', 'interested'),
  ('00000000-0000-4000-c001-000000000002', '00000000-0000-4000-a001-000000000004', 'going'),
  ('00000000-0000-4000-c001-000000000002', '00000000-0000-4000-a001-000000000006', 'interested'),
  ('00000000-0000-4000-c001-000000000006', '00000000-0000-4000-a001-000000000001', 'going'),
  ('00000000-0000-4000-c001-000000000006', '00000000-0000-4000-a001-000000000003', 'going'),
  ('00000000-0000-4000-c001-000000000006', '00000000-0000-4000-a001-000000000010', 'going'),
  ('00000000-0000-4000-c001-000000000013', '00000000-0000-4000-a001-000000000001', 'interested'),
  ('00000000-0000-4000-c001-000000000013', '00000000-0000-4000-a001-000000000002', 'going'),
  ('00000000-0000-4000-c001-000000000013', '00000000-0000-4000-a001-000000000006', 'going')
ON CONFLICT (event_id, user_id) DO NOTHING;

-- ── Sample ratings for completed events ──────────────────────
INSERT INTO event_ratings (event_id, user_id, rating, review_text, rating_atmosphere, rating_host, rating_content) VALUES
  ('00000000-0000-4000-c001-000000000021', '00000000-0000-4000-a001-000000000002', 5, 'Best DJ night yet! The visuals were incredible.', 5, 5, 5),
  ('00000000-0000-4000-c001-000000000021', '00000000-0000-4000-a001-000000000003', 4, 'Great music, would love more variety in genres.', 5, 4, 4),
  ('00000000-0000-4000-c001-000000000021', '00000000-0000-4000-a001-000000000010', 5, 'Packed house, amazing energy!', 5, 5, 5),
  ('00000000-0000-4000-c001-000000000022', '00000000-0000-4000-a001-000000000004', 5, 'Professor Quill is the best teacher. Learned so much!', 5, 5, 5),
  ('00000000-0000-4000-c001-000000000022', '00000000-0000-4000-a001-000000000006', 4, 'Solid workshop. Could use more hands-on time.', 4, 5, 4),
  ('00000000-0000-4000-c001-000000000023', '00000000-0000-4000-a001-000000000001', 5, 'Spectacular event. Nova Flux outdid themselves.', 5, 5, 5),
  ('00000000-0000-4000-c001-000000000023', '00000000-0000-4000-a001-000000000008', 5, 'Magical evening. The decorations were breathtaking.', 5, 5, 5)
ON CONFLICT (event_id, user_id) DO NOTHING;

COMMIT;
